{"cameraMode":{"drawMode":0,"name":"Shaded","section":"Shading Mode"},"sceneLighting":true,"audioPlay":false,"sceneViewState":{"showFog":true,"showMaterialUpdate":true,"showSkybox":true,"showFlares":true,"showImageEffects":true,"showParticleSystems":true},"in2DMode":false,"pivot":{"x":-40.91975402832031,"y":55.66118621826172,"z":79.90110778808594},"rotation":{"x":0.15207411348819734,"y":0.7987252473831177,"z":-0.22648905217647553,"w":0.5362973809242249},"size":139.09735107421876,"orthographic":false}